{
  "type": "create:crushing",
  "ingredients": [
    {
      "item": "create:scorchia"
    }
  ],
  "results": [
    {
      "item": "create_dd:coal_piece"
    },
    {
      "item": "create_dd:coal_piece",
      "chance": 0.5
    },
    {
      "item": "create_dd:coal_piece",
      "chance": 0.10
    },
    {
      "item": "garnished:brittle_dust",
      "chance": 0.30
    },
    {
      "item": "create:cinder_flour",
      "chance": 0.04
    }
  ],
  "processingTime": 350
}