
{
  "type": "create:sequenced_assembly",
  "ingredient": {
    "item": "createindustry:steel_ingot"
  },
  "transitionalItem": {
    "item": "createindustry:unprocessed_heavy_plate"
  },
  "sequence": [
    {
      "type": "create:pressing",
      "ingredients": [
        {
          "item": "createindustry:unprocessed_heavy_plate"
        }
      ],
      "results": [
        {
          "item": "createindustry:unprocessed_heavy_plate"
        }
      ]
    },
    {
      "type": "create:pressing",
      "ingredients": [
        {
          "item": "createindustry:unprocessed_heavy_plate"
        }
      ],
      "results": [
        {
          "item": "createindustry:unprocessed_heavy_plate"
        }
      ]
    },
    {
      "type": "create:pressing",
      "ingredients": [
        {
          "item": "createindustry:unprocessed_heavy_plate"
        }
      ],
      "results": [
        {
          "item": "createindustry:unprocessed_heavy_plate"
        }
      ]
    }
  ],
  "results": [
    {
      "item": "createindustry:heavy_plate"
    }
  ],
  "loops": 1
}